epochs,balance_seed,overall_accuracy,hamilton_accuracy,madison_accuracy,n
80,1,0.9692307692307692,0.9607843137254902,1.0,65
80,2,0.9846153846153847,1.0,0.9285714285714286,65
80,3,0.9846153846153847,0.9803921568627451,1.0,65
80,4,1.0,1.0,1.0,65
80,5,0.9846153846153847,0.9803921568627451,1.0,65
100,1,0.9692307692307692,0.9607843137254902,1.0,65
100,2,0.9846153846153847,1.0,0.9285714285714286,65
100,3,0.9846153846153847,0.9803921568627451,1.0,65
100,4,1.0,1.0,1.0,65
100,5,0.9538461538461539,0.9607843137254902,0.9285714285714286,65
