file,balance_seed,ppl_hamilton,ppl_madison,verdict
federalist_49.txt,42,890.34521484375,603.8357543945312,Madison
federalist_50.txt,42,1089.16796875,711.997314453125,Madison
federalist_51.txt,42,894.7723999023438,605.6630859375,Madison
federalist_52.txt,42,694.6336059570312,518.94384765625,Madison
federalist_53.txt,42,795.9951171875,702.08349609375,Madison
federalist_54.txt,42,895.2742919921875,654.3657836914062,Madison
federalist_55.txt,42,773.5991821289062,544.4845581054688,Madison
federalist_56.txt,42,804.2520751953125,581.973876953125,Madison
federalist_57.txt,42,820.650146484375,752.7090454101562,Madison
federalist_58.txt,42,956.5625,715.3633422851562,Madison
federalist_62.txt,42,961.5880126953125,602.71875,Madison
federalist_63.txt,42,978.8731689453125,770.4671020507812,Madison
