file,true_author,predicted_author,ppl_hamilton,ppl_madison,correct,was_disputed
federalist_01.txt,hamilton,hamilton,222.68251037597656,265.0552673339844,True,False
federalist_06.txt,hamilton,hamilton,260.69512939453125,352.0122985839844,True,False
federalist_07.txt,hamilton,hamilton,228.8068084716797,281.58428955078125,True,False
federalist_08.txt,hamilton,hamilton,215.41917419433594,256.6263732910156,True,False
federalist_09.txt,hamilton,hamilton,210.01710510253906,226.921142578125,True,False
federalist_11.txt,hamilton,hamilton,240.8714599609375,364.9626770019531,True,False
federalist_12.txt,hamilton,hamilton,198.7490997314453,273.30126953125,True,False
federalist_13.txt,hamilton,hamilton,131.0775604248047,176.41659545898438,True,False
federalist_15.txt,hamilton,hamilton,207.26927185058594,268.3782043457031,True,False
federalist_16.txt,hamilton,hamilton,157.39405822753906,239.96534729003906,True,False
federalist_17.txt,hamilton,hamilton,186.99600219726562,221.66070556640625,True,False
federalist_21.txt,hamilton,hamilton,164.33636474609375,206.09214782714844,True,False
federalist_22.txt,hamilton,hamilton,195.18553161621094,257.13323974609375,True,False
federalist_23.txt,hamilton,hamilton,133.03517150878906,190.447998046875,True,False
federalist_24.txt,hamilton,hamilton,154.00035095214844,224.77139282226562,True,False
federalist_25.txt,hamilton,hamilton,176.29600524902344,236.2318572998047,True,False
federalist_26.txt,hamilton,hamilton,146.15292358398438,202.82028198242188,True,False
federalist_27.txt,hamilton,hamilton,135.034912109375,185.94537353515625,True,False
federalist_28.txt,hamilton,hamilton,116.97331237792969,178.27981567382812,True,False
federalist_29.txt,hamilton,hamilton,183.28475952148438,223.70823669433594,True,False
federalist_30.txt,hamilton,hamilton,186.17605590820312,250.82223510742188,True,False
federalist_31.txt,hamilton,hamilton,119.9398193359375,163.7438507080078,True,False
federalist_32.txt,hamilton,hamilton,98.13328552246094,156.28228759765625,True,False
federalist_33.txt,hamilton,hamilton,117.08430480957031,133.44808959960938,True,False
federalist_34.txt,hamilton,hamilton,168.58297729492188,251.29115295410156,True,False
federalist_35.txt,hamilton,hamilton,144.07205200195312,192.658203125,True,False
federalist_36.txt,hamilton,hamilton,148.02395629882812,196.5769805908203,True,False
federalist_59.txt,hamilton,hamilton,111.27336883544922,132.26980590820312,True,False
federalist_60.txt,hamilton,hamilton,106.3653793334961,118.5262680053711,True,False
federalist_61.txt,hamilton,hamilton,100.9925765991211,145.7745819091797,True,False
federalist_65.txt,hamilton,hamilton,156.6719207763672,167.76046752929688,True,False
federalist_66.txt,hamilton,hamilton,117.67427825927734,144.0371551513672,True,False
federalist_67.txt,hamilton,hamilton,141.85694885253906,216.16229248046875,True,False
federalist_68.txt,hamilton,hamilton,147.35086059570312,176.9639129638672,True,False
federalist_69.txt,hamilton,hamilton,95.14143371582031,128.85845947265625,True,False
federalist_70.txt,hamilton,hamilton,148.88018798828125,173.486083984375,True,False
federalist_71.txt,hamilton,hamilton,135.8053436279297,190.12252807617188,True,False
federalist_72.txt,hamilton,hamilton,183.79832458496094,254.67132568359375,True,False
federalist_73.txt,hamilton,hamilton,125.79773712158203,158.76260375976562,True,False
federalist_74.txt,hamilton,hamilton,118.89924621582031,173.86611938476562,True,False
federalist_75.txt,hamilton,hamilton,111.05301666259766,158.09689331054688,True,False
federalist_76.txt,hamilton,hamilton,106.01811218261719,150.6885986328125,True,False
federalist_77.txt,hamilton,hamilton,170.56797790527344,223.1729736328125,True,False
federalist_78.txt,hamilton,hamilton,127.65397644042969,172.6205596923828,True,False
federalist_79.txt,hamilton,hamilton,168.51882934570312,260.46685791015625,True,False
federalist_80.txt,hamilton,hamilton,92.0711441040039,133.2818603515625,True,False
federalist_81.txt,hamilton,hamilton,110.64955139160156,151.21511840820312,True,False
federalist_82.txt,hamilton,hamilton,81.92941284179688,142.83668518066406,True,False
federalist_83.txt,hamilton,hamilton,129.50389099121094,175.72512817382812,True,False
federalist_84.txt,hamilton,hamilton,134.1171417236328,139.3520050048828,True,False
federalist_85.txt,hamilton,hamilton,180.99884033203125,245.07167053222656,True,False
federalist_10.txt,madison,madison,202.6199951171875,149.96116638183594,True,False
federalist_14.txt,madison,madison,259.6045837402344,198.00918579101562,True,False
federalist_37.txt,madison,madison,279.6559753417969,195.77072143554688,True,False
federalist_38.txt,madison,madison,262.2464904785156,209.58023071289062,True,False
federalist_39.txt,madison,madison,122.35384368896484,83.47766876220703,True,False
federalist_40.txt,madison,madison,206.1432647705078,156.06089782714844,True,False
federalist_41.txt,madison,madison,238.93328857421875,188.79920959472656,True,False
federalist_42.txt,madison,madison,189.42105102539062,153.4171600341797,True,False
federalist_43.txt,madison,madison,238.52291870117188,196.20004272460938,True,False
federalist_44.txt,madison,madison,132.3268280029297,118.61882019042969,True,False
federalist_45.txt,madison,madison,160.8330078125,115.90472412109375,True,False
federalist_46.txt,madison,madison,184.4866485595703,141.3834991455078,True,False
federalist_47.txt,madison,madison,128.14137268066406,90.23841857910156,True,False
federalist_48.txt,madison,madison,235.92654418945312,149.8319549560547,True,False
federalist_49.txt,madison,madison,207.26046752929688,131.50790405273438,True,True
federalist_50.txt,madison,madison,253.8612823486328,146.13536071777344,True,True
federalist_51.txt,madison,madison,193.5844268798828,122.70259094238281,True,True
federalist_52.txt,madison,madison,158.55795288085938,115.44503784179688,True,True
federalist_53.txt,madison,madison,219.8614959716797,143.3260040283203,True,True
federalist_54.txt,madison,madison,202.60104370117188,163.2504425048828,True,True
federalist_55.txt,madison,madison,198.2384796142578,117.67198181152344,True,True
federalist_56.txt,madison,madison,173.7884521484375,122.48682403564453,True,True
federalist_57.txt,madison,madison,201.3184051513672,134.85975646972656,True,True
federalist_58.txt,madison,madison,230.10520935058594,146.06959533691406,True,True
federalist_62.txt,madison,madison,235.72897338867188,152.4779510498047,True,True
federalist_63.txt,madison,madison,216.8819122314453,159.3648223876953,True,True
