file,true_author,predicted_author,delta_hamilton,delta_madison,correct
federalist_01.txt,hamilton,hamilton,0.8774373886390212,1.2359855360877834,True
federalist_06.txt,hamilton,hamilton,0.9069497662096482,1.1095793787923518,True
federalist_07.txt,hamilton,hamilton,0.8865422801290797,1.2387539891275754,True
federalist_08.txt,hamilton,hamilton,0.6606582432496072,0.8996134565728069,True
federalist_09.txt,hamilton,hamilton,0.748261865662609,0.9672053256816145,True
federalist_11.txt,hamilton,hamilton,0.7960360086314909,1.1631611491045324,True
federalist_12.txt,hamilton,hamilton,0.6570803518003474,1.0124378762078465,True
federalist_13.txt,hamilton,hamilton,1.2069054248554183,1.57525816324888,True
federalist_15.txt,hamilton,hamilton,0.7473872696593515,1.2279524596184326,True
federalist_16.txt,hamilton,hamilton,0.7724307452875832,1.1350240477929459,True
federalist_17.txt,hamilton,hamilton,0.866854847941726,1.0703552981527151,True
federalist_21.txt,hamilton,hamilton,0.7075453709402929,1.0582566191458076,True
federalist_22.txt,hamilton,hamilton,0.4699852466377862,0.8523824744290782,True
federalist_23.txt,hamilton,hamilton,0.9458815802196936,1.1749630008037197,True
federalist_24.txt,hamilton,hamilton,0.7966017813090677,1.1867994156064507,True
federalist_25.txt,hamilton,hamilton,0.6773231309591671,0.922868279884422,True
federalist_26.txt,hamilton,hamilton,0.7295772018368067,1.1771927544454162,True
federalist_27.txt,hamilton,hamilton,0.9359833367986548,1.2266482228051148,True
federalist_28.txt,hamilton,hamilton,0.8834263576512228,1.1761805411485,True
federalist_29.txt,hamilton,hamilton,0.6773629432655306,1.1176439622211105,True
federalist_30.txt,hamilton,hamilton,0.7959377764749531,1.2401822332900503,True
federalist_31.txt,hamilton,hamilton,0.8264833482371294,1.1867465441538,True
federalist_32.txt,hamilton,hamilton,1.099135773236761,1.3892580898074858,True
federalist_33.txt,hamilton,hamilton,0.952836072260274,1.220470818430484,True
federalist_34.txt,hamilton,hamilton,0.6869815021868465,1.1513110714845753,True
federalist_35.txt,hamilton,hamilton,0.663484788652387,0.9355778923365844,True
federalist_36.txt,hamilton,hamilton,0.5831416628013396,0.9739525091060115,True
federalist_59.txt,hamilton,hamilton,0.779723280382425,1.0955749217100468,True
federalist_60.txt,hamilton,hamilton,0.665029161410031,1.1545202061411808,True
federalist_61.txt,hamilton,hamilton,0.8712988819823774,1.2994972792132118,True
federalist_65.txt,hamilton,hamilton,0.692538887209171,1.1251237901561455,True
federalist_66.txt,hamilton,hamilton,0.6863432476183492,1.1147338914397886,True
federalist_67.txt,hamilton,hamilton,0.888361328553966,1.154233454454321,True
federalist_68.txt,hamilton,hamilton,0.8106277667077488,1.0936524762244875,True
federalist_69.txt,hamilton,hamilton,0.7884003704846135,1.134557571480138,True
federalist_70.txt,hamilton,hamilton,0.7111746454243356,0.9684365376898108,True
federalist_71.txt,hamilton,hamilton,0.8982614518012447,1.223982498333644,True
federalist_72.txt,hamilton,hamilton,0.9322303153189517,1.3369878334290155,True
federalist_73.txt,hamilton,hamilton,0.8258948725142153,1.18027222080402,True
federalist_74.txt,hamilton,hamilton,0.8310743952687771,1.197980292984397,True
federalist_75.txt,hamilton,hamilton,0.7577521651218808,1.040078155357306,True
federalist_76.txt,hamilton,hamilton,0.7416418231915485,1.2441803781766303,True
federalist_77.txt,hamilton,hamilton,0.7696882744046476,1.284080745352867,True
federalist_78.txt,hamilton,hamilton,0.7240930612014488,0.9580483174763816,True
federalist_79.txt,hamilton,hamilton,0.904839737985318,1.2651030288893388,True
federalist_80.txt,hamilton,hamilton,1.0273384359522892,1.1636090032231154,True
federalist_81.txt,hamilton,hamilton,0.5909269678770888,0.9240215472405076,True
federalist_82.txt,hamilton,hamilton,1.0655207171413967,1.2546358649008573,True
federalist_83.txt,hamilton,hamilton,0.5946541729780658,0.8791932707257821,True
federalist_84.txt,hamilton,hamilton,0.6973652076044317,0.8818452599160881,True
federalist_85.txt,hamilton,hamilton,0.7650565682153733,1.1136173248846333,True
federalist_10.txt,madison,hamilton,0.8495476924074741,0.9236862767123063,False
federalist_14.txt,madison,hamilton,0.7904675842038774,0.9279893617164425,False
federalist_37.txt,madison,hamilton,0.7916711509271426,0.8422956203293297,False
federalist_38.txt,madison,hamilton,0.7255295925721925,0.8667889310417124,False
federalist_39.txt,madison,hamilton,1.022166590481994,1.044668422515228,False
federalist_40.txt,madison,madison,0.9689049478569524,0.8848860139964556,True
federalist_41.txt,madison,madison,0.7099978492782462,0.692182096912195,True
federalist_42.txt,madison,madison,0.8130142047596309,0.7809280876640724,True
federalist_43.txt,madison,madison,0.7987820798419656,0.6897957663349032,True
federalist_44.txt,madison,hamilton,0.9975284956705202,1.0120604290655042,False
federalist_45.txt,madison,madison,0.9678943589102426,0.9315249256007102,True
federalist_46.txt,madison,hamilton,0.950995255439213,0.9599590998860477,False
federalist_47.txt,madison,madison,1.199542527961388,1.1635651066624797,True
federalist_48.txt,madison,madison,1.03954299163864,0.8525113353907776,True
